week,function,query,returned_output,dataset_version,submission_date,date_basis,notebook,commit_sha,evidence_status,source_registry,source_input,source_output,source_input_sha256,source_output_sha256,duplicate_of
1,1,"[0.37454,0.950714]",-1.560646704467778e-117,verified-query-output-ledger-v1.1,2026-06-01,source_file_mtime; not platform submission timestamp,Week_01/02_Notebook/Week_1_Capstone.ipynb,,verified_cumulative_archive_pair,Results/query_output_ledger.csv,Capstone_Folder/initial_data/week_01_inputs.txt,Capstone_Folder/initial_data/week_01_outputs.txt,13e694e55a597a94f9b37f444e37b1c8385e617fcd6889f85aa760c50481bd99,eb61d4b84b234add467d9bdabb7b2378694b13487dcb4f8d3ef527f2dd6f66ad,
1,2,"[0.37454,0.950714]",-0.03182956281754251,verified-query-output-ledger-v1.1,2026-06-01,source_file_mtime; not platform submission timestamp,Week_01/02_Notebook/Week_1_Capstone.ipynb,,verified_cumulative_archive_pair,Results/query_output_ledger.csv,Capstone_Folder/initial_data/week_01_inputs.txt,Capstone_Folder/initial_data/week_01_outputs.txt,13e694e55a597a94f9b37f444e37b1c8385e617fcd6889f85aa760c50481bd99,eb61d4b84b234add467d9bdabb7b2378694b13487dcb4f8d3ef527f2dd6f66ad,
1,3,"[0.444444,0.666666,0.333333]",-0.04090761844901528,verified-query-output-ledger-v1.1,2026-06-01,source_file_mtime; not platform submission timestamp,Week_01/02_Notebook/Week_1_Capstone.ipynb,,verified_cumulative_archive_pair,Results/query_output_ledger.csv,Capstone_Folder/initial_data/week_01_inputs.txt,Capstone_Folder/initial_data/week_01_outputs.txt,13e694e55a597a94f9b37f444e37b1c8385e617fcd6889f85aa760c50481bd99,eb61d4b84b234add467d9bdabb7b2378694b13487dcb4f8d3ef527f2dd6f66ad,
1,4,"[0.555555,0.444444,0.222222,0.111111]",-8.727516493155957,verified-query-output-ledger-v1.1,2026-06-01,source_file_mtime; not platform submission timestamp,Week_01/02_Notebook/Week_1_Capstone.ipynb,,verified_cumulative_archive_pair,Results/query_output_ledger.csv,Capstone_Folder/initial_data/week_01_inputs.txt,Capstone_Folder/initial_data/week_01_outputs.txt,13e694e55a597a94f9b37f444e37b1c8385e617fcd6889f85aa760c50481bd99,eb61d4b84b234add467d9bdabb7b2378694b13487dcb4f8d3ef527f2dd6f66ad,
1,5,"[0.224189,0.84648,0.879484,0.878515]",1088.8535114737463,verified-query-output-ledger-v1.1,2026-06-01,source_file_mtime; not platform submission timestamp,Week_01/02_Notebook/Week_1_Capstone.ipynb,,verified_cumulative_archive_pair,Results/query_output_ledger.csv,Capstone_Folder/initial_data/week_01_inputs.txt,Capstone_Folder/initial_data/week_01_outputs.txt,13e694e55a597a94f9b37f444e37b1c8385e617fcd6889f85aa760c50481bd99,eb61d4b84b234add467d9bdabb7b2378694b13487dcb4f8d3ef527f2dd6f66ad,
1,6,"[0.728186,0.154693,0.732552,0.693997,0.564013]",-1.1520351120911565,verified-query-output-ledger-v1.1,2026-06-01,source_file_mtime; not platform submission timestamp,Week_01/02_Notebook/Week_1_Capstone.ipynb,,verified_cumulative_archive_pair,Results/query_output_ledger.csv,Capstone_Folder/initial_data/week_01_inputs.txt,Capstone_Folder/initial_data/week_01_outputs.txt,13e694e55a597a94f9b37f444e37b1c8385e617fcd6889f85aa760c50481bd99,eb61d4b84b234add467d9bdabb7b2378694b13487dcb4f8d3ef527f2dd6f66ad,
1,7,"[0.045091,0.528666,0.329265,0.10535,0.434667,0.641164]",1.0510148516295004,verified-query-output-ledger-v1.1,2026-06-01,source_file_mtime; not platform submission timestamp,Week_01/02_Notebook/Week_1_Capstone.ipynb,,verified_cumulative_archive_pair,Results/query_output_ledger.csv,Capstone_Folder/initial_data/week_01_inputs.txt,Capstone_Folder/initial_data/week_01_outputs.txt,13e694e55a597a94f9b37f444e37b1c8385e617fcd6889f85aa760c50481bd99,eb61d4b84b234add467d9bdabb7b2378694b13487dcb4f8d3ef527f2dd6f66ad,
1,8,"[0.273673,0.2604,0.073937,0.078562,0.862321,0.230729,0.108688,0.352588]",9.8157087929671,verified-query-output-ledger-v1.1,2026-06-01,source_file_mtime; not platform submission timestamp,Week_01/02_Notebook/Week_1_Capstone.ipynb,,verified_cumulative_archive_pair,Results/query_output_ledger.csv,Capstone_Folder/initial_data/week_01_inputs.txt,Capstone_Folder/initial_data/week_01_outputs.txt,13e694e55a597a94f9b37f444e37b1c8385e617fcd6889f85aa760c50481bd99,eb61d4b84b234add467d9bdabb7b2378694b13487dcb4f8d3ef527f2dd6f66ad,
2,1,"[0.536429,0.835362]",1.674933466363685e-36,verified-query-output-ledger-v1.1,2026-06-10,source_file_mtime; not platform submission timestamp,Week_02/02_Notebook/Week_2_Capstone.ipynb,,verified_cumulative_archive_pair,Results/query_output_ledger.csv,Capstone_Folder/week_02_data/week_02_inputs.txt,Capstone_Folder/week_02_data/week_02_outputs.txt,79c9ad095d46106271e0a70fa5a117be7b317b28c4d82cf989c7bdc9bfd341a8,c3690c263390c859362173679c353a9784588a08dfc2733a3969688a2229a558,
2,2,"[0.978752,0.932731]",0.022666631114895516,verified-query-output-ledger-v1.1,2026-06-10,source_file_mtime; not platform submission timestamp,Week_02/02_Notebook/Week_2_Capstone.ipynb,,verified_cumulative_archive_pair,Results/query_output_ledger.csv,Capstone_Folder/week_02_data/week_02_inputs.txt,Capstone_Folder/week_02_data/week_02_outputs.txt,79c9ad095d46106271e0a70fa5a117be7b317b28c4d82cf989c7bdc9bfd341a8,c3690c263390c859362173679c353a9784588a08dfc2733a3969688a2229a558,
2,3,"[0.657452,0.998464,0.817253]",-0.08987474979637637,verified-query-output-ledger-v1.1,2026-06-10,source_file_mtime; not platform submission timestamp,Week_02/02_Notebook/Week_2_Capstone.ipynb,,verified_cumulative_archive_pair,Results/query_output_ledger.csv,Capstone_Folder/week_02_data/week_02_inputs.txt,Capstone_Folder/week_02_data/week_02_outputs.txt,79c9ad095d46106271e0a70fa5a117be7b317b28c4d82cf989c7bdc9bfd341a8,c3690c263390c859362173679c353a9784588a08dfc2733a3969688a2229a558,
2,4,"[0.00628,0.28184,0.932013,0.960202]",-31.73535839431216,verified-query-output-ledger-v1.1,2026-06-10,source_file_mtime; not platform submission timestamp,Week_02/02_Notebook/Week_2_Capstone.ipynb,,verified_cumulative_archive_pair,Results/query_output_ledger.csv,Capstone_Folder/week_02_data/week_02_inputs.txt,Capstone_Folder/week_02_data/week_02_outputs.txt,79c9ad095d46106271e0a70fa5a117be7b317b28c4d82cf989c7bdc9bfd341a8,c3690c263390c859362173679c353a9784588a08dfc2733a3969688a2229a558,
2,5,"[0.255841,0.841692,0.888984,0.86026]",1035.6341457754475,verified-query-output-ledger-v1.1,2026-06-10,source_file_mtime; not platform submission timestamp,Week_02/02_Notebook/Week_2_Capstone.ipynb,,verified_cumulative_archive_pair,Results/query_output_ledger.csv,Capstone_Folder/week_02_data/week_02_inputs.txt,Capstone_Folder/week_02_data/week_02_outputs.txt,79c9ad095d46106271e0a70fa5a117be7b317b28c4d82cf989c7bdc9bfd341a8,c3690c263390c859362173679c353a9784588a08dfc2733a3969688a2229a558,
2,6,"[0.433654,0.486678,0.282753,0.972905,0.323321]",-0.8782405650300305,verified-query-output-ledger-v1.1,2026-06-10,source_file_mtime; not platform submission timestamp,Week_02/02_Notebook/Week_2_Capstone.ipynb,,verified_cumulative_archive_pair,Results/query_output_ledger.csv,Capstone_Folder/week_02_data/week_02_inputs.txt,Capstone_Folder/week_02_data/week_02_outputs.txt,79c9ad095d46106271e0a70fa5a117be7b317b28c4d82cf989c7bdc9bfd341a8,c3690c263390c859362173679c353a9784588a08dfc2733a3969688a2229a558,
2,7,"[0.243848,0.9001,0.696978,0.19363,0.374149,0.826324]",0.308765180253091,verified-query-output-ledger-v1.1,2026-06-10,source_file_mtime; not platform submission timestamp,Week_02/02_Notebook/Week_2_Capstone.ipynb,,verified_cumulative_archive_pair,Results/query_output_ledger.csv,Capstone_Folder/week_02_data/week_02_inputs.txt,Capstone_Folder/week_02_data/week_02_outputs.txt,79c9ad095d46106271e0a70fa5a117be7b317b28c4d82cf989c7bdc9bfd341a8,c3690c263390c859362173679c353a9784588a08dfc2733a3969688a2229a558,
2,8,"[0.16316,0.184786,0.152644,0.083802,0.999322,0.544113,0.184124,0.123846]",9.9399041910574,verified-query-output-ledger-v1.1,2026-06-10,source_file_mtime; not platform submission timestamp,Week_02/02_Notebook/Week_2_Capstone.ipynb,,verified_cumulative_archive_pair,Results/query_output_ledger.csv,Capstone_Folder/week_02_data/week_02_inputs.txt,Capstone_Folder/week_02_data/week_02_outputs.txt,79c9ad095d46106271e0a70fa5a117be7b317b28c4d82cf989c7bdc9bfd341a8,c3690c263390c859362173679c353a9784588a08dfc2733a3969688a2229a558,
3,1,"[0.614168,0.334143]",-1.0755942664604116e-32,verified-query-output-ledger-v1.1,2026-06-15,source_file_mtime; not platform submission timestamp,Week_03/02_Notebook/Week_3_Capstone.ipynb,,verified_cumulative_archive_pair,Results/query_output_ledger.csv,Capstone_Folder/week_03_data/week_03_inputs.txt,Capstone_Folder/week_03_data/week_03_outputs.txt,04128361c8d70947d6aac16aa790266887367c532921502d635c83e7488e3bef,2a5029ed367c910c28ca1c9f01c1d09815c2792c74b23ac784fb1eea05e82fcf,
3,2,"[6e-06,0.334143]",0.04868370128566149,verified-query-output-ledger-v1.1,2026-06-15,source_file_mtime; not platform submission timestamp,Week_03/02_Notebook/Week_3_Capstone.ipynb,,verified_cumulative_archive_pair,Results/query_output_ledger.csv,Capstone_Folder/week_03_data/week_03_inputs.txt,Capstone_Folder/week_03_data/week_03_outputs.txt,04128361c8d70947d6aac16aa790266887367c532921502d635c83e7488e3bef,2a5029ed367c910c28ca1c9f01c1d09815c2792c74b23ac784fb1eea05e82fcf,
3,3,"[0.670026,0.057881,0.658241]",-0.18323876643005035,verified-query-output-ledger-v1.1,2026-06-15,source_file_mtime; not platform submission timestamp,Week_03/02_Notebook/Week_3_Capstone.ipynb,,verified_cumulative_archive_pair,Results/query_output_ledger.csv,Capstone_Folder/week_03_data/week_03_inputs.txt,Capstone_Folder/week_03_data/week_03_outputs.txt,04128361c8d70947d6aac16aa790266887367c532921502d635c83e7488e3bef,2a5029ed367c910c28ca1c9f01c1d09815c2792c74b23ac784fb1eea05e82fcf,
3,4,"[0.394519,0.361122,0.256803,0.461856]",-1.9810750402526334,verified-query-output-ledger-v1.1,2026-06-15,source_file_mtime; not platform submission timestamp,Week_03/02_Notebook/Week_3_Capstone.ipynb,,verified_cumulative_archive_pair,Results/query_output_ledger.csv,Capstone_Folder/week_03_data/week_03_inputs.txt,Capstone_Folder/week_03_data/week_03_outputs.txt,04128361c8d70947d6aac16aa790266887367c532921502d635c83e7488e3bef,2a5029ed367c910c28ca1c9f01c1d09815c2792c74b23ac784fb1eea05e82fcf,
3,5,"[0.255842,0.841692,0.888985,0.860266]",1035.6647479285914,verified-query-output-ledger-v1.1,2026-06-15,source_file_mtime; not platform submission timestamp,Week_03/02_Notebook/Week_3_Capstone.ipynb,,verified_cumulative_archive_pair,Results/query_output_ledger.csv,Capstone_Folder/week_03_data/week_03_inputs.txt,Capstone_Folder/week_03_data/week_03_outputs.txt,04128361c8d70947d6aac16aa790266887367c532921502d635c83e7488e3bef,2a5029ed367c910c28ca1c9f01c1d09815c2792c74b23ac784fb1eea05e82fcf,
3,6,"[0.49507,0.097152,0.672921,7e-06,0.351268]",-1.339542402620705,verified-query-output-ledger-v1.1,2026-06-15,source_file_mtime; not platform submission timestamp,Week_03/02_Notebook/Week_3_Capstone.ipynb,,verified_cumulative_archive_pair,Results/query_output_ledger.csv,Capstone_Folder/week_03_data/week_03_inputs.txt,Capstone_Folder/week_03_data/week_03_outputs.txt,04128361c8d70947d6aac16aa790266887367c532921502d635c83e7488e3bef,2a5029ed367c910c28ca1c9f01c1d09815c2792c74b23ac784fb1eea05e82fcf,
3,7,"[0.143585,0.302559,0.571101,0.194533,0.395561,0.815792]",2.149905456773691,verified-query-output-ledger-v1.1,2026-06-15,source_file_mtime; not platform submission timestamp,Week_03/02_Notebook/Week_3_Capstone.ipynb,,verified_cumulative_archive_pair,Results/query_output_ledger.csv,Capstone_Folder/week_03_data/week_03_inputs.txt,Capstone_Folder/week_03_data/week_03_outputs.txt,04128361c8d70947d6aac16aa790266887367c532921502d635c83e7488e3bef,2a5029ed367c910c28ca1c9f01c1d09815c2792c74b23ac784fb1eea05e82fcf,
3,8,"[0.088894,0.525132,0.030986,0.992538,0.870819,0.21706,0.011239,0.447691]",8.9636037557014,verified-query-output-ledger-v1.1,2026-06-15,source_file_mtime; not platform submission timestamp,Week_03/02_Notebook/Week_3_Capstone.ipynb,,verified_cumulative_archive_pair,Results/query_output_ledger.csv,Capstone_Folder/week_03_data/week_03_inputs.txt,Capstone_Folder/week_03_data/week_03_outputs.txt,04128361c8d70947d6aac16aa790266887367c532921502d635c83e7488e3bef,2a5029ed367c910c28ca1c9f01c1d09815c2792c74b23ac784fb1eea05e82fcf,
4,1,"[0.872626,0.321598]",-2.4666412561217706e-107,verified-query-output-ledger-v1.1,2026-06-22,source_file_mtime; not platform submission timestamp,Week_04/02_Notebook/Week_4_Capstone.ipynb,,verified_cumulative_archive_pair,Results/query_output_ledger.csv,Capstone_Folder/week_04_data/Week_04_inputs.txt,Capstone_Folder/week_04_data/Week_04_outputs.txt,4d1a1a16b1ea24f4ac0ae301628333273cc06fb90a4be69fd2353b981a2884bb,b35395b98586465c8855806dd43dbc3a449edab716320902ddb8898e3f698bb2,
4,2,"[0.197553,0.808683]",0.038774938576018964,verified-query-output-ledger-v1.1,2026-06-22,source_file_mtime; not platform submission timestamp,Week_04/02_Notebook/Week_4_Capstone.ipynb,,verified_cumulative_archive_pair,Results/query_output_ledger.csv,Capstone_Folder/week_04_data/Week_04_inputs.txt,Capstone_Folder/week_04_data/Week_04_outputs.txt,4d1a1a16b1ea24f4ac0ae301628333273cc06fb90a4be69fd2353b981a2884bb,b35395b98586465c8855806dd43dbc3a449edab716320902ddb8898e3f698bb2,
4,3,"[0.650132,0.218327,0.110542]",-0.08251349582236739,verified-query-output-ledger-v1.1,2026-06-22,source_file_mtime; not platform submission timestamp,Week_04/02_Notebook/Week_4_Capstone.ipynb,,verified_cumulative_archive_pair,Results/query_output_ledger.csv,Capstone_Folder/week_04_data/Week_04_inputs.txt,Capstone_Folder/week_04_data/Week_04_outputs.txt,4d1a1a16b1ea24f4ac0ae301628333273cc06fb90a4be69fd2353b981a2884bb,b35395b98586465c8855806dd43dbc3a449edab716320902ddb8898e3f698bb2,
4,4,"[0.715715,0.504442,0.275065,0.552962]",-9.312811809021998,verified-query-output-ledger-v1.1,2026-06-22,source_file_mtime; not platform submission timestamp,Week_04/02_Notebook/Week_4_Capstone.ipynb,,verified_cumulative_archive_pair,Results/query_output_ledger.csv,Capstone_Folder/week_04_data/Week_04_inputs.txt,Capstone_Folder/week_04_data/Week_04_outputs.txt,4d1a1a16b1ea24f4ac0ae301628333273cc06fb90a4be69fd2353b981a2884bb,b35395b98586465c8855806dd43dbc3a449edab716320902ddb8898e3f698bb2,
4,5,"[0.0,0.0,0.0,0.0]",163.1225,verified-query-output-ledger-v1.1,2026-06-22,source_file_mtime; not platform submission timestamp,Week_04/02_Notebook/Week_4_Capstone.ipynb,,verified_cumulative_archive_pair,Results/query_output_ledger.csv,Capstone_Folder/week_04_data/Week_04_inputs.txt,Capstone_Folder/week_04_data/Week_04_outputs.txt,4d1a1a16b1ea24f4ac0ae301628333273cc06fb90a4be69fd2353b981a2884bb,b35395b98586465c8855806dd43dbc3a449edab716320902ddb8898e3f698bb2,
4,6,"[0.973181,0.022807,0.714484,0.145453,0.97479]",-2.4375082517089726,verified-query-output-ledger-v1.1,2026-06-22,source_file_mtime; not platform submission timestamp,Week_04/02_Notebook/Week_4_Capstone.ipynb,,verified_cumulative_archive_pair,Results/query_output_ledger.csv,Capstone_Folder/week_04_data/Week_04_inputs.txt,Capstone_Folder/week_04_data/Week_04_outputs.txt,4d1a1a16b1ea24f4ac0ae301628333273cc06fb90a4be69fd2353b981a2884bb,b35395b98586465c8855806dd43dbc3a449edab716320902ddb8898e3f698bb2,
4,7,"[0.045103,0.016167,0.773003,0.156031,0.147073,0.616114]",1.2087334449610816,verified-query-output-ledger-v1.1,2026-06-22,source_file_mtime; not platform submission timestamp,Week_04/02_Notebook/Week_4_Capstone.ipynb,,verified_cumulative_archive_pair,Results/query_output_ledger.csv,Capstone_Folder/week_04_data/Week_04_inputs.txt,Capstone_Folder/week_04_data/Week_04_outputs.txt,4d1a1a16b1ea24f4ac0ae301628333273cc06fb90a4be69fd2353b981a2884bb,b35395b98586465c8855806dd43dbc3a449edab716320902ddb8898e3f698bb2,
4,8,"[0.356502,0.157574,0.172997,0.610561,0.106477,0.260297,0.411421,0.90474]",9.2540644925525,verified-query-output-ledger-v1.1,2026-06-22,source_file_mtime; not platform submission timestamp,Week_04/02_Notebook/Week_4_Capstone.ipynb,,verified_cumulative_archive_pair,Results/query_output_ledger.csv,Capstone_Folder/week_04_data/Week_04_inputs.txt,Capstone_Folder/week_04_data/Week_04_outputs.txt,4d1a1a16b1ea24f4ac0ae301628333273cc06fb90a4be69fd2353b981a2884bb,b35395b98586465c8855806dd43dbc3a449edab716320902ddb8898e3f698bb2,
5,1,"[0.897714,0.081699]",7.6512102255565565e-239,verified-query-output-ledger-v1.1,2026-06-29,source_file_mtime; not platform submission timestamp,Week_05/02_Notebook/Week_5_Capstone.ipynb,,verified_cumulative_archive_pair,Results/query_output_ledger.csv,Capstone_Folder/week_05_data/Week_05_inputs.txt,Capstone_Folder/week_05_data/Week_05_outputs.txt,d23929f2ba5e16bcdb88b113e235ec6f7624363da89e4d22180fbebc896bdbca,e6428d4c235b0eb0345028326c84c30575f280abbdc41b2492ba4578795366de,
5,2,"[0.555332,0.360931]",0.22078072799826579,verified-query-output-ledger-v1.1,2026-06-29,source_file_mtime; not platform submission timestamp,Week_05/02_Notebook/Week_5_Capstone.ipynb,,verified_cumulative_archive_pair,Results/query_output_ledger.csv,Capstone_Folder/week_05_data/Week_05_inputs.txt,Capstone_Folder/week_05_data/Week_05_outputs.txt,d23929f2ba5e16bcdb88b113e235ec6f7624363da89e4d22180fbebc896bdbca,e6428d4c235b0eb0345028326c84c30575f280abbdc41b2492ba4578795366de,
5,3,"[0.522711,0.090769,0.451242]",-0.05739710166867316,verified-query-output-ledger-v1.1,2026-06-29,source_file_mtime; not platform submission timestamp,Week_05/02_Notebook/Week_5_Capstone.ipynb,,verified_cumulative_archive_pair,Results/query_output_ledger.csv,Capstone_Folder/week_05_data/Week_05_inputs.txt,Capstone_Folder/week_05_data/Week_05_outputs.txt,d23929f2ba5e16bcdb88b113e235ec6f7624363da89e4d22180fbebc896bdbca,e6428d4c235b0eb0345028326c84c30575f280abbdc41b2492ba4578795366de,
5,4,"[0.713766,0.198601,0.014095,0.068347]",-17.92630659900679,verified-query-output-ledger-v1.1,2026-06-29,source_file_mtime; not platform submission timestamp,Week_05/02_Notebook/Week_5_Capstone.ipynb,,verified_cumulative_archive_pair,Results/query_output_ledger.csv,Capstone_Folder/week_05_data/Week_05_inputs.txt,Capstone_Folder/week_05_data/Week_05_outputs.txt,d23929f2ba5e16bcdb88b113e235ec6f7624363da89e4d22180fbebc896bdbca,e6428d4c235b0eb0345028326c84c30575f280abbdc41b2492ba4578795366de,
5,5,"[0.754614,0.504566,0.432986,0.307039]",0.9401160531598542,verified-query-output-ledger-v1.1,2026-06-29,source_file_mtime; not platform submission timestamp,Week_05/02_Notebook/Week_5_Capstone.ipynb,,verified_cumulative_archive_pair,Results/query_output_ledger.csv,Capstone_Folder/week_05_data/Week_05_inputs.txt,Capstone_Folder/week_05_data/Week_05_outputs.txt,d23929f2ba5e16bcdb88b113e235ec6f7624363da89e4d22180fbebc896bdbca,e6428d4c235b0eb0345028326c84c30575f280abbdc41b2492ba4578795366de,
5,6,"[0.824244,0.022732,0.960907,0.041715,0.89756]",-2.5293691850310744,verified-query-output-ledger-v1.1,2026-06-29,source_file_mtime; not platform submission timestamp,Week_05/02_Notebook/Week_5_Capstone.ipynb,,verified_cumulative_archive_pair,Results/query_output_ledger.csv,Capstone_Folder/week_05_data/Week_05_inputs.txt,Capstone_Folder/week_05_data/Week_05_outputs.txt,d23929f2ba5e16bcdb88b113e235ec6f7624363da89e4d22180fbebc896bdbca,e6428d4c235b0eb0345028326c84c30575f280abbdc41b2492ba4578795366de,
5,7,"[0.025337,0.910075,0.72779,0.075231,0.386516,0.492629]",0.19078262729854223,verified-query-output-ledger-v1.1,2026-06-29,source_file_mtime; not platform submission timestamp,Week_05/02_Notebook/Week_5_Capstone.ipynb,,verified_cumulative_archive_pair,Results/query_output_ledger.csv,Capstone_Folder/week_05_data/Week_05_inputs.txt,Capstone_Folder/week_05_data/Week_05_outputs.txt,d23929f2ba5e16bcdb88b113e235ec6f7624363da89e4d22180fbebc896bdbca,e6428d4c235b0eb0345028326c84c30575f280abbdc41b2492ba4578795366de,
5,8,"[0.110992,0.022977,0.255313,0.963757,0.895383,0.716713,0.030436,0.083412]",9.1386093113071,verified-query-output-ledger-v1.1,2026-06-29,source_file_mtime; not platform submission timestamp,Week_05/02_Notebook/Week_5_Capstone.ipynb,,verified_cumulative_archive_pair,Results/query_output_ledger.csv,Capstone_Folder/week_05_data/Week_05_inputs.txt,Capstone_Folder/week_05_data/Week_05_outputs.txt,d23929f2ba5e16bcdb88b113e235ec6f7624363da89e4d22180fbebc896bdbca,e6428d4c235b0eb0345028326c84c30575f280abbdc41b2492ba4578795366de,
6,1,"[0.222521,0.999673]",6.131855211153796e-211,verified-query-output-ledger-v1.1,2026-07-06,source_file_mtime; not platform submission timestamp,Week_06/02_Notebook/Week_6_Capstone.ipynb,,verified_cumulative_archive_pair,Results/query_output_ledger.csv,Capstone_Folder/week_06_data/week_06_inputs.txt,Capstone_Folder/week_06_data/week_06_outputs.txt,192e607ec1aeb083dece9c099bd784be8a9abfc74cace9c50fdd059b2f44037d,7d5d24b375a87fcfe85943cbbddf711b61d87680f61e67ac58810baac47c5ad0,
6,2,"[0.473151,0.950706]",0.16053152307795218,verified-query-output-ledger-v1.1,2026-07-06,source_file_mtime; not platform submission timestamp,Week_06/02_Notebook/Week_6_Capstone.ipynb,,verified_cumulative_archive_pair,Results/query_output_ledger.csv,Capstone_Folder/week_06_data/week_06_inputs.txt,Capstone_Folder/week_06_data/week_06_outputs.txt,192e607ec1aeb083dece9c099bd784be8a9abfc74cace9c50fdd059b2f44037d,7d5d24b375a87fcfe85943cbbddf711b61d87680f61e67ac58810baac47c5ad0,
6,3,"[0.418776,0.420613,0.695421]",-0.11700517654347184,verified-query-output-ledger-v1.1,2026-07-06,source_file_mtime; not platform submission timestamp,Week_06/02_Notebook/Week_6_Capstone.ipynb,,verified_cumulative_archive_pair,Results/query_output_ledger.csv,Capstone_Folder/week_06_data/week_06_inputs.txt,Capstone_Folder/week_06_data/week_06_outputs.txt,192e607ec1aeb083dece9c099bd784be8a9abfc74cace9c50fdd059b2f44037d,7d5d24b375a87fcfe85943cbbddf711b61d87680f61e67ac58810baac47c5ad0,
6,4,"[0.753422,0.441826,0.942545,0.489846]",-20.879363209082445,verified-query-output-ledger-v1.1,2026-07-06,source_file_mtime; not platform submission timestamp,Week_06/02_Notebook/Week_6_Capstone.ipynb,,verified_cumulative_archive_pair,Results/query_output_ledger.csv,Capstone_Folder/week_06_data/week_06_inputs.txt,Capstone_Folder/week_06_data/week_06_outputs.txt,192e607ec1aeb083dece9c099bd784be8a9abfc74cace9c50fdd059b2f44037d,7d5d24b375a87fcfe85943cbbddf711b61d87680f61e67ac58810baac47c5ad0,
6,5,"[0.654981,0.602894,0.898891,0.589622]",281.9115728306016,verified-query-output-ledger-v1.1,2026-07-06,source_file_mtime; not platform submission timestamp,Week_06/02_Notebook/Week_6_Capstone.ipynb,,verified_cumulative_archive_pair,Results/query_output_ledger.csv,Capstone_Folder/week_06_data/week_06_inputs.txt,Capstone_Folder/week_06_data/week_06_outputs.txt,192e607ec1aeb083dece9c099bd784be8a9abfc74cace9c50fdd059b2f44037d,7d5d24b375a87fcfe85943cbbddf711b61d87680f61e67ac58810baac47c5ad0,
6,6,"[0.78177,0.192076,0.805757,0.695733,0.56594]",-1.3125396070217887,verified-query-output-ledger-v1.1,2026-07-06,source_file_mtime; not platform submission timestamp,Week_06/02_Notebook/Week_6_Capstone.ipynb,,verified_cumulative_archive_pair,Results/query_output_ledger.csv,Capstone_Folder/week_06_data/week_06_inputs.txt,Capstone_Folder/week_06_data/week_06_outputs.txt,192e607ec1aeb083dece9c099bd784be8a9abfc74cace9c50fdd059b2f44037d,7d5d24b375a87fcfe85943cbbddf711b61d87680f61e67ac58810baac47c5ad0,
6,7,"[0.042873,0.466831,0.379623,0.20709,0.367754,0.515646]",1.611967464642638,verified-query-output-ledger-v1.1,2026-07-06,source_file_mtime; not platform submission timestamp,Week_06/02_Notebook/Week_6_Capstone.ipynb,,verified_cumulative_archive_pair,Results/query_output_ledger.csv,Capstone_Folder/week_06_data/week_06_inputs.txt,Capstone_Folder/week_06_data/week_06_outputs.txt,192e607ec1aeb083dece9c099bd784be8a9abfc74cace9c50fdd059b2f44037d,7d5d24b375a87fcfe85943cbbddf711b61d87680f61e67ac58810baac47c5ad0,
6,8,"[0.115956,0.821931,0.587418,0.022809,0.44026,0.96555,0.368459,0.301774]",8.5570343323444,verified-query-output-ledger-v1.1,2026-07-06,source_file_mtime; not platform submission timestamp,Week_06/02_Notebook/Week_6_Capstone.ipynb,,verified_cumulative_archive_pair,Results/query_output_ledger.csv,Capstone_Folder/week_06_data/week_06_inputs.txt,Capstone_Folder/week_06_data/week_06_outputs.txt,192e607ec1aeb083dece9c099bd784be8a9abfc74cace9c50fdd059b2f44037d,7d5d24b375a87fcfe85943cbbddf711b61d87680f61e67ac58810baac47c5ad0,
7,1,"[0.35042,0.999543]",-6.738616132275143e-151,verified-query-output-ledger-v1.1,2026-07-14,source_file_mtime; not platform submission timestamp,Week_07/02_Notebook/Week_7_Capstone.ipynb,,verified_cumulative_archive_pair,Results/query_output_ledger.csv,Capstone_Folder/week_07_data/week_07_inputs.txt,Capstone_Folder/week_07_data/week_07_outputs.txt,64e266e874054c81da6a0904b892ce2afb99462feb3f540696921534dc71b6d1,536e2b7d0898cee9f9f3dedb73ce92dd0cf90b8b0ba42308cfcf40e89821a1d6,
7,2,"[0.009675,0.999881]",0.04871438177077586,verified-query-output-ledger-v1.1,2026-07-14,source_file_mtime; not platform submission timestamp,Week_07/02_Notebook/Week_7_Capstone.ipynb,,verified_cumulative_archive_pair,Results/query_output_ledger.csv,Capstone_Folder/week_07_data/week_07_inputs.txt,Capstone_Folder/week_07_data/week_07_outputs.txt,64e266e874054c81da6a0904b892ce2afb99462feb3f540696921534dc71b6d1,536e2b7d0898cee9f9f3dedb73ce92dd0cf90b8b0ba42308cfcf40e89821a1d6,
7,3,"[0.427731,0.66981,0.343678]",-0.047183135414436805,verified-query-output-ledger-v1.1,2026-07-14,source_file_mtime; not platform submission timestamp,Week_07/02_Notebook/Week_7_Capstone.ipynb,,verified_cumulative_archive_pair,Results/query_output_ledger.csv,Capstone_Folder/week_07_data/week_07_inputs.txt,Capstone_Folder/week_07_data/week_07_outputs.txt,64e266e874054c81da6a0904b892ce2afb99462feb3f540696921534dc71b6d1,536e2b7d0898cee9f9f3dedb73ce92dd0cf90b8b0ba42308cfcf40e89821a1d6,
7,4,"[0.096005,0.028299,0.033322,0.077327]",-20.19585364168859,verified-query-output-ledger-v1.1,2026-07-14,source_file_mtime; not platform submission timestamp,Week_07/02_Notebook/Week_7_Capstone.ipynb,,verified_cumulative_archive_pair,Results/query_output_ledger.csv,Capstone_Folder/week_07_data/week_07_inputs.txt,Capstone_Folder/week_07_data/week_07_outputs.txt,64e266e874054c81da6a0904b892ce2afb99462feb3f540696921534dc71b6d1,536e2b7d0898cee9f9f3dedb73ce92dd0cf90b8b0ba42308cfcf40e89821a1d6,
7,5,"[0.0,0.0,0.0,0.0]",163.1225,verified-query-output-ledger-v1.1,2026-07-14,source_file_mtime; not platform submission timestamp,Week_07/02_Notebook/Week_7_Capstone.ipynb,,verified_cumulative_archive_pair,Results/query_output_ledger.csv,Capstone_Folder/week_07_data/week_07_inputs.txt,Capstone_Folder/week_07_data/week_07_outputs.txt,64e266e874054c81da6a0904b892ce2afb99462feb3f540696921534dc71b6d1,536e2b7d0898cee9f9f3dedb73ce92dd0cf90b8b0ba42308cfcf40e89821a1d6,week:4
7,6,"[0.68383,0.035248,0.777884,0.740721,0.62931]",-1.2870894592671105,verified-query-output-ledger-v1.1,2026-07-14,source_file_mtime; not platform submission timestamp,Week_07/02_Notebook/Week_7_Capstone.ipynb,,verified_cumulative_archive_pair,Results/query_output_ledger.csv,Capstone_Folder/week_07_data/week_07_inputs.txt,Capstone_Folder/week_07_data/week_07_outputs.txt,64e266e874054c81da6a0904b892ce2afb99462feb3f540696921534dc71b6d1,536e2b7d0898cee9f9f3dedb73ce92dd0cf90b8b0ba42308cfcf40e89821a1d6,
7,7,"[0.121173,0.544849,0.282921,0.037758,0.374065,0.591179]",0.8994987341856474,verified-query-output-ledger-v1.1,2026-07-14,source_file_mtime; not platform submission timestamp,Week_07/02_Notebook/Week_7_Capstone.ipynb,,verified_cumulative_archive_pair,Results/query_output_ledger.csv,Capstone_Folder/week_07_data/week_07_inputs.txt,Capstone_Folder/week_07_data/week_07_outputs.txt,64e266e874054c81da6a0904b892ce2afb99462feb3f540696921534dc71b6d1,536e2b7d0898cee9f9f3dedb73ce92dd0cf90b8b0ba42308cfcf40e89821a1d6,
7,8,"[0.006802,0.833571,0.147083,0.461921,0.26353,0.887722,0.724982,0.315234]",8.5636390087854,verified-query-output-ledger-v1.1,2026-07-14,source_file_mtime; not platform submission timestamp,Week_07/02_Notebook/Week_7_Capstone.ipynb,,verified_cumulative_archive_pair,Results/query_output_ledger.csv,Capstone_Folder/week_07_data/week_07_inputs.txt,Capstone_Folder/week_07_data/week_07_outputs.txt,64e266e874054c81da6a0904b892ce2afb99462feb3f540696921534dc71b6d1,536e2b7d0898cee9f9f3dedb73ce92dd0cf90b8b0ba42308cfcf40e89821a1d6,
8,1,"[0.397837,0.919531]",-1.7723999829558996e-96,verified-query-output-ledger-v1.1,2026-07-21,source_file_mtime; not platform submission timestamp,Week_08/02_Notebook/Week_8_Capstone.ipynb,,verified_cumulative_archive_pair,Results/query_output_ledger.csv,Capstone_Folder/week_08_data/week_8_inputs.txt,Capstone_Folder/week_08_data/week_8_outputs.txt,82d7f687a862a9bed4393aebae8e5d99c7e21de466f145e3cd5bac61d2137b42,2089ea154961e01a811af7cf733a169a080fab12ada7db7f694de414b5eafc89,
8,2,"[0.314242,0.973527]",0.07276416200318507,verified-query-output-ledger-v1.1,2026-07-21,source_file_mtime; not platform submission timestamp,Week_08/02_Notebook/Week_8_Capstone.ipynb,,verified_cumulative_archive_pair,Results/query_output_ledger.csv,Capstone_Folder/week_08_data/week_8_inputs.txt,Capstone_Folder/week_08_data/week_8_outputs.txt,82d7f687a862a9bed4393aebae8e5d99c7e21de466f145e3cd5bac61d2137b42,2089ea154961e01a811af7cf733a169a080fab12ada7db7f694de414b5eafc89,
8,3,"[0.457347,0.664022,0.295993]",-0.07741316335640898,verified-query-output-ledger-v1.1,2026-07-21,source_file_mtime; not platform submission timestamp,Week_08/02_Notebook/Week_8_Capstone.ipynb,,verified_cumulative_archive_pair,Results/query_output_ledger.csv,Capstone_Folder/week_08_data/week_8_inputs.txt,Capstone_Folder/week_08_data/week_8_outputs.txt,82d7f687a862a9bed4393aebae8e5d99c7e21de466f145e3cd5bac61d2137b42,2089ea154961e01a811af7cf733a169a080fab12ada7db7f694de414b5eafc89,
8,4,"[0.046009,0.778273,0.979511,0.088488]",-28.736322947747187,verified-query-output-ledger-v1.1,2026-07-21,source_file_mtime; not platform submission timestamp,Week_08/02_Notebook/Week_8_Capstone.ipynb,,verified_cumulative_archive_pair,Results/query_output_ledger.csv,Capstone_Folder/week_08_data/week_8_inputs.txt,Capstone_Folder/week_08_data/week_8_outputs.txt,82d7f687a862a9bed4393aebae8e5d99c7e21de466f145e3cd5bac61d2137b42,2089ea154961e01a811af7cf733a169a080fab12ada7db7f694de414b5eafc89,
8,5,"[0.08123,0.992582,0.156202,0.988421]",1465.5121917504077,verified-query-output-ledger-v1.1,2026-07-21,source_file_mtime; not platform submission timestamp,Week_08/02_Notebook/Week_8_Capstone.ipynb,,verified_cumulative_archive_pair,Results/query_output_ledger.csv,Capstone_Folder/week_08_data/week_8_inputs.txt,Capstone_Folder/week_08_data/week_8_outputs.txt,82d7f687a862a9bed4393aebae8e5d99c7e21de466f145e3cd5bac61d2137b42,2089ea154961e01a811af7cf733a169a080fab12ada7db7f694de414b5eafc89,
8,6,"[0.994993,0.316819,0.508801,0.557706,0.579403]",-1.4794522548883542,verified-query-output-ledger-v1.1,2026-07-21,source_file_mtime; not platform submission timestamp,Week_08/02_Notebook/Week_8_Capstone.ipynb,,verified_cumulative_archive_pair,Results/query_output_ledger.csv,Capstone_Folder/week_08_data/week_8_inputs.txt,Capstone_Folder/week_08_data/week_8_outputs.txt,82d7f687a862a9bed4393aebae8e5d99c7e21de466f145e3cd5bac61d2137b42,2089ea154961e01a811af7cf733a169a080fab12ada7db7f694de414b5eafc89,
8,7,"[0.016174,0.558963,0.348588,0.050763,0.417748,0.64403]",0.8461801483768777,verified-query-output-ledger-v1.1,2026-07-21,source_file_mtime; not platform submission timestamp,Week_08/02_Notebook/Week_8_Capstone.ipynb,,verified_cumulative_archive_pair,Results/query_output_ledger.csv,Capstone_Folder/week_08_data/week_8_inputs.txt,Capstone_Folder/week_08_data/week_8_outputs.txt,82d7f687a862a9bed4393aebae8e5d99c7e21de466f145e3cd5bac61d2137b42,2089ea154961e01a811af7cf733a169a080fab12ada7db7f694de414b5eafc89,
8,8,"[0.712683,0.197193,0.129585,0.337018,0.771044,0.106613,0.229839,0.008464]",9.0200908822654,verified-query-output-ledger-v1.1,2026-07-21,source_file_mtime; not platform submission timestamp,Week_08/02_Notebook/Week_8_Capstone.ipynb,,verified_cumulative_archive_pair,Results/query_output_ledger.csv,Capstone_Folder/week_08_data/week_8_inputs.txt,Capstone_Folder/week_08_data/week_8_outputs.txt,82d7f687a862a9bed4393aebae8e5d99c7e21de466f145e3cd5bac61d2137b42,2089ea154961e01a811af7cf733a169a080fab12ada7db7f694de414b5eafc89,
9,1,"[0.42141,0.935804]",-3.089423814911752e-96,verified-query-output-ledger-v1.1,2026-07-25,source_file_mtime; not platform submission timestamp,Week_09/02_Notebook/Week_9_Capstone.ipynb,,verified_cumulative_archive_pair,Results/query_output_ledger.csv,Capstone_Folder/week_09_data/week_9_inputs.txt,Capstone_Folder/week_09_data/week_9_outputs.txt,64c67ea3cd54df2e5422a181be023ea9db31932175e2a9dd3badfc50532f108f,d2112e7d398b58fee7b5d791b12f652b4e8edc1c1294aec74a045cf2ba26663f,
9,2,"[0.995366,0.102732]",0.049406406222616564,verified-query-output-ledger-v1.1,2026-07-25,source_file_mtime; not platform submission timestamp,Week_09/02_Notebook/Week_9_Capstone.ipynb,,verified_cumulative_archive_pair,Results/query_output_ledger.csv,Capstone_Folder/week_09_data/week_9_inputs.txt,Capstone_Folder/week_09_data/week_9_outputs.txt,64c67ea3cd54df2e5422a181be023ea9db31932175e2a9dd3badfc50532f108f,d2112e7d398b58fee7b5d791b12f652b4e8edc1c1294aec74a045cf2ba26663f,
9,3,"[0.449035,0.664262,0.290384]",-0.08189344986506433,verified-query-output-ledger-v1.1,2026-07-25,source_file_mtime; not platform submission timestamp,Week_09/02_Notebook/Week_9_Capstone.ipynb,,verified_cumulative_archive_pair,Results/query_output_ledger.csv,Capstone_Folder/week_09_data/week_9_inputs.txt,Capstone_Folder/week_09_data/week_9_outputs.txt,64c67ea3cd54df2e5422a181be023ea9db31932175e2a9dd3badfc50532f108f,d2112e7d398b58fee7b5d791b12f652b4e8edc1c1294aec74a045cf2ba26663f,
9,4,"[0.889493,0.002958,0.445975,0.774547]",-23.42280313862202,verified-query-output-ledger-v1.1,2026-07-25,source_file_mtime; not platform submission timestamp,Week_09/02_Notebook/Week_9_Capstone.ipynb,,verified_cumulative_archive_pair,Results/query_output_ledger.csv,Capstone_Folder/week_09_data/week_9_inputs.txt,Capstone_Folder/week_09_data/week_9_outputs.txt,64c67ea3cd54df2e5422a181be023ea9db31932175e2a9dd3badfc50532f108f,d2112e7d398b58fee7b5d791b12f652b4e8edc1c1294aec74a045cf2ba26663f,
9,5,"[0.319924,0.675406,0.431628,1.0]",430.8031249775375,verified-query-output-ledger-v1.1,2026-07-25,source_file_mtime; not platform submission timestamp,Week_09/02_Notebook/Week_9_Capstone.ipynb,,verified_cumulative_archive_pair,Results/query_output_ledger.csv,Capstone_Folder/week_09_data/week_9_inputs.txt,Capstone_Folder/week_09_data/week_9_outputs.txt,64c67ea3cd54df2e5422a181be023ea9db31932175e2a9dd3badfc50532f108f,d2112e7d398b58fee7b5d791b12f652b4e8edc1c1294aec74a045cf2ba26663f,
9,6,"[0.711755,0.17567,0.738396,0.689597,0.562717]",-1.1717131510084098,verified-query-output-ledger-v1.1,2026-07-25,source_file_mtime; not platform submission timestamp,Week_09/02_Notebook/Week_9_Capstone.ipynb,,verified_cumulative_archive_pair,Results/query_output_ledger.csv,Capstone_Folder/week_09_data/week_9_inputs.txt,Capstone_Folder/week_09_data/week_9_outputs.txt,64c67ea3cd54df2e5422a181be023ea9db31932175e2a9dd3badfc50532f108f,d2112e7d398b58fee7b5d791b12f652b4e8edc1c1294aec74a045cf2ba26663f,
9,7,"[0.018603,0.530937,0.376818,0.094048,0.443567,0.614974]",1.009894033457839,verified-query-output-ledger-v1.1,2026-07-25,source_file_mtime; not platform submission timestamp,Week_09/02_Notebook/Week_9_Capstone.ipynb,,verified_cumulative_archive_pair,Results/query_output_ledger.csv,Capstone_Folder/week_09_data/week_9_inputs.txt,Capstone_Folder/week_09_data/week_9_outputs.txt,64c67ea3cd54df2e5422a181be023ea9db31932175e2a9dd3badfc50532f108f,d2112e7d398b58fee7b5d791b12f652b4e8edc1c1294aec74a045cf2ba26663f,
9,8,"[0.321258,0.232284,0.021301,0.0,0.895967,0.249315,0.054463,0.073967]",9.6998918101966,verified-query-output-ledger-v1.1,2026-07-25,source_file_mtime; not platform submission timestamp,Week_09/02_Notebook/Week_9_Capstone.ipynb,,verified_cumulative_archive_pair,Results/query_output_ledger.csv,Capstone_Folder/week_09_data/week_9_inputs.txt,Capstone_Folder/week_09_data/week_9_outputs.txt,64c67ea3cd54df2e5422a181be023ea9db31932175e2a9dd3badfc50532f108f,d2112e7d398b58fee7b5d791b12f652b4e8edc1c1294aec74a045cf2ba26663f,
10,1,"[0.379403,0.071186]",-4.5921413403053304e-89,verified-query-output-ledger-v1.1,2026-08-09,source_file_mtime; not platform submission timestamp,Week_10/02_Notebook/Week_10_Capstone.ipynb,,verified_cumulative_archive_pair,Results/query_output_ledger.csv,Capstone_Folder/week_11_data /week_11_inputs.txt,Capstone_Folder/week_11_data /week_11_outputs.txt,a79749cd49db07cf32c99665fd482be75faf26f64dc446952093eabe0aa002d2,b1ec8e43f30ba00dc985708bdf37354950fd9294837cee6d308ac04eedc93dc5,
10,2,"[0.329121,0.99795]",0.02678836560203038,verified-query-output-ledger-v1.1,2026-08-09,source_file_mtime; not platform submission timestamp,Week_10/02_Notebook/Week_10_Capstone.ipynb,,verified_cumulative_archive_pair,Results/query_output_ledger.csv,Capstone_Folder/week_11_data /week_11_inputs.txt,Capstone_Folder/week_11_data /week_11_outputs.txt,a79749cd49db07cf32c99665fd482be75faf26f64dc446952093eabe0aa002d2,b1ec8e43f30ba00dc985708bdf37354950fd9294837cee6d308ac04eedc93dc5,
10,3,"[0.447317,0.65893,0.324854]",-0.0463387992394308,verified-query-output-ledger-v1.1,2026-08-09,source_file_mtime; not platform submission timestamp,Week_10/02_Notebook/Week_10_Capstone.ipynb,,verified_cumulative_archive_pair,Results/query_output_ledger.csv,Capstone_Folder/week_11_data /week_11_inputs.txt,Capstone_Folder/week_11_data /week_11_outputs.txt,a79749cd49db07cf32c99665fd482be75faf26f64dc446952093eabe0aa002d2,b1ec8e43f30ba00dc985708bdf37354950fd9294837cee6d308ac04eedc93dc5,
10,4,"[0.587928,0.514452,0.045793,0.032616]",-15.125730966112929,verified-query-output-ledger-v1.1,2026-08-09,source_file_mtime; not platform submission timestamp,Week_10/02_Notebook/Week_10_Capstone.ipynb,,verified_cumulative_archive_pair,Results/query_output_ledger.csv,Capstone_Folder/week_11_data /week_11_inputs.txt,Capstone_Folder/week_11_data /week_11_outputs.txt,a79749cd49db07cf32c99665fd482be75faf26f64dc446952093eabe0aa002d2,b1ec8e43f30ba00dc985708bdf37354950fd9294837cee6d308ac04eedc93dc5,
10,5,"[0.005552,0.918769,0.692571,0.988052]",1424.6366011060773,verified-query-output-ledger-v1.1,2026-08-09,source_file_mtime; not platform submission timestamp,Week_10/02_Notebook/Week_10_Capstone.ipynb,,verified_cumulative_archive_pair,Results/query_output_ledger.csv,Capstone_Folder/week_11_data /week_11_inputs.txt,Capstone_Folder/week_11_data /week_11_outputs.txt,a79749cd49db07cf32c99665fd482be75faf26f64dc446952093eabe0aa002d2,b1ec8e43f30ba00dc985708bdf37354950fd9294837cee6d308ac04eedc93dc5,
10,6,"[0.853051,0.152023,0.700695,0.554516,0.611033]",-1.4490886989479597,verified-query-output-ledger-v1.1,2026-08-09,source_file_mtime; not platform submission timestamp,Week_10/02_Notebook/Week_10_Capstone.ipynb,,verified_cumulative_archive_pair,Results/query_output_ledger.csv,Capstone_Folder/week_11_data /week_11_inputs.txt,Capstone_Folder/week_11_data /week_11_outputs.txt,a79749cd49db07cf32c99665fd482be75faf26f64dc446952093eabe0aa002d2,b1ec8e43f30ba00dc985708bdf37354950fd9294837cee6d308ac04eedc93dc5,
10,7,"[0.107447,0.625529,0.309529,0.130105,0.44366,0.667717]",0.8456374465318568,verified-query-output-ledger-v1.1,2026-08-09,source_file_mtime; not platform submission timestamp,Week_10/02_Notebook/Week_10_Capstone.ipynb,,verified_cumulative_archive_pair,Results/query_output_ledger.csv,Capstone_Folder/week_11_data /week_11_inputs.txt,Capstone_Folder/week_11_data /week_11_outputs.txt,a79749cd49db07cf32c99665fd482be75faf26f64dc446952093eabe0aa002d2,b1ec8e43f30ba00dc985708bdf37354950fd9294837cee6d308ac04eedc93dc5,
10,8,"[0.546897,0.163123,0.136484,0.078398,0.771803,0.070794,0.119397,0.111488]",9.3736675460081,verified-query-output-ledger-v1.1,2026-08-09,source_file_mtime; not platform submission timestamp,Week_10/02_Notebook/Week_10_Capstone.ipynb,,verified_cumulative_archive_pair,Results/query_output_ledger.csv,Capstone_Folder/week_11_data /week_11_inputs.txt,Capstone_Folder/week_11_data /week_11_outputs.txt,a79749cd49db07cf32c99665fd482be75faf26f64dc446952093eabe0aa002d2,b1ec8e43f30ba00dc985708bdf37354950fd9294837cee6d308ac04eedc93dc5,
11,1,"[0.353293,0.956697]",8.159220183163013e-130,verified-query-output-ledger-v1.1,2026-08-09,source_file_mtime; not platform submission timestamp,Week_11/02_Notebook/Week_11_Capstone.ipynb,,verified_cumulative_archive_pair,Results/query_output_ledger.csv,Capstone_Folder/week_11_data /week_11_inputs.txt,Capstone_Folder/week_11_data /week_11_outputs.txt,a79749cd49db07cf32c99665fd482be75faf26f64dc446952093eabe0aa002d2,b1ec8e43f30ba00dc985708bdf37354950fd9294837cee6d308ac04eedc93dc5,
11,2,"[0.384537,0.996119]",0.06529972619341909,verified-query-output-ledger-v1.1,2026-08-09,source_file_mtime; not platform submission timestamp,Week_11/02_Notebook/Week_11_Capstone.ipynb,,verified_cumulative_archive_pair,Results/query_output_ledger.csv,Capstone_Folder/week_11_data /week_11_inputs.txt,Capstone_Folder/week_11_data /week_11_outputs.txt,a79749cd49db07cf32c99665fd482be75faf26f64dc446952093eabe0aa002d2,b1ec8e43f30ba00dc985708bdf37354950fd9294837cee6d308ac04eedc93dc5,
11,3,"[0.450034,0.667941,0.342989]",-0.038446126253640946,verified-query-output-ledger-v1.1,2026-08-09,source_file_mtime; not platform submission timestamp,Week_11/02_Notebook/Week_11_Capstone.ipynb,,verified_cumulative_archive_pair,Results/query_output_ledger.csv,Capstone_Folder/week_11_data /week_11_inputs.txt,Capstone_Folder/week_11_data /week_11_outputs.txt,a79749cd49db07cf32c99665fd482be75faf26f64dc446952093eabe0aa002d2,b1ec8e43f30ba00dc985708bdf37354950fd9294837cee6d308ac04eedc93dc5,
11,4,"[0.80766,0.348421,0.277162,0.044827]",-14.992666345077428,verified-query-output-ledger-v1.1,2026-08-09,source_file_mtime; not platform submission timestamp,Week_11/02_Notebook/Week_11_Capstone.ipynb,,verified_cumulative_archive_pair,Results/query_output_ledger.csv,Capstone_Folder/week_11_data /week_11_inputs.txt,Capstone_Folder/week_11_data /week_11_outputs.txt,a79749cd49db07cf32c99665fd482be75faf26f64dc446952093eabe0aa002d2,b1ec8e43f30ba00dc985708bdf37354950fd9294837cee6d308ac04eedc93dc5,
11,5,"[0.016444,0.027486,0.656999,0.955172]",210.03831315192616,verified-query-output-ledger-v1.1,2026-08-09,source_file_mtime; not platform submission timestamp,Week_11/02_Notebook/Week_11_Capstone.ipynb,,verified_cumulative_archive_pair,Results/query_output_ledger.csv,Capstone_Folder/week_11_data /week_11_inputs.txt,Capstone_Folder/week_11_data /week_11_outputs.txt,a79749cd49db07cf32c99665fd482be75faf26f64dc446952093eabe0aa002d2,b1ec8e43f30ba00dc985708bdf37354950fd9294837cee6d308ac04eedc93dc5,
11,6,"[0.67859,0.144728,0.730278,0.715653,0.604728]",-1.154424131709899,verified-query-output-ledger-v1.1,2026-08-09,source_file_mtime; not platform submission timestamp,Week_11/02_Notebook/Week_11_Capstone.ipynb,,verified_cumulative_archive_pair,Results/query_output_ledger.csv,Capstone_Folder/week_11_data /week_11_inputs.txt,Capstone_Folder/week_11_data /week_11_outputs.txt,a79749cd49db07cf32c99665fd482be75faf26f64dc446952093eabe0aa002d2,b1ec8e43f30ba00dc985708bdf37354950fd9294837cee6d308ac04eedc93dc5,
11,7,"[0.280913,0.512275,0.321637,0.188234,0.420546,0.641027]",1.478174096441659,verified-query-output-ledger-v1.1,2026-08-09,source_file_mtime; not platform submission timestamp,Week_11/02_Notebook/Week_11_Capstone.ipynb,,verified_cumulative_archive_pair,Results/query_output_ledger.csv,Capstone_Folder/week_11_data /week_11_inputs.txt,Capstone_Folder/week_11_data /week_11_outputs.txt,a79749cd49db07cf32c99665fd482be75faf26f64dc446952093eabe0aa002d2,b1ec8e43f30ba00dc985708bdf37354950fd9294837cee6d308ac04eedc93dc5,
11,8,"[0.234325,0.196964,0.387716,0.46245,0.845967,0.154645,0.549698,0.111557]",9.2760687615836,verified-query-output-ledger-v1.1,2026-08-09,source_file_mtime; not platform submission timestamp,Week_11/02_Notebook/Week_11_Capstone.ipynb,,verified_cumulative_archive_pair,Results/query_output_ledger.csv,Capstone_Folder/week_11_data /week_11_inputs.txt,Capstone_Folder/week_11_data /week_11_outputs.txt,a79749cd49db07cf32c99665fd482be75faf26f64dc446952093eabe0aa002d2,b1ec8e43f30ba00dc985708bdf37354950fd9294837cee6d308ac04eedc93dc5,
